,x,y,target
0,0.7954347362006028,0.06515571937237537,0.0
1,0.24380539403752854,-0.45863454253040703,1.0
2,-0.20236279269935553,0.004777454040841088,1.0
3,-0.11827895176650856,0.050375838430194275,1.0
4,-0.7235599856353325,-0.5382668356750858,0.0
5,0.5616966619154921,-0.7728210900788843,0.0
6,-0.19966639106452616,0.7528406923423092,0.0
7,-0.09381523340531046,0.8489377261996933,0.0
8,0.701943340024287,0.22561147768003992,0.0
9,-0.09946117585143913,0.961862723202234,0.0
10,0.826202894160947,0.36502374142185195,0.0
11,0.0505567507097879,0.013509815980110753,1.0
12,-0.8756029775148844,-0.3012037555453757,0.0
13,0.07401208425131205,0.16765377028340592,1.0
14,0.7628969846699997,0.3842442416112002,0.0
15,0.36302569862609757,-0.2094468016933962,1.0
16,0.5520581995992326,0.7472688047852262,0.0
17,0.609038759751639,0.41295642550912925,0.0
18,0.5381946372621745,-0.10029168938462041,1.0
19,-0.3240090629404316,-0.5636535712032009,1.0
20,-0.025537722907346298,-0.16633549186559843,1.0
21,-0.32510301139776016,-0.13634994858697885,1.0
22,0.7401218938517118,0.3504910796796201,0.0
23,0.43904398556759616,-0.6741141522851826,0.0
24,-0.6826990033871346,0.38640287557867237,0.0
25,-0.48333364056378336,0.3873837195356084,1.0
26,0.6589319647686093,0.7503456547454588,0.0
27,0.7501672782666764,0.6465944582148822,0.0
28,-0.8198996595822753,-0.1153539453055847,0.0
29,-0.7324406550593365,-0.3376239966057898,0.0
30,-0.8240150427806953,-0.09719022503353449,0.0
31,-0.4726229338111416,-0.4068771146364133,1.0
32,0.26418120198226175,-0.2555480337267705,1.0
33,-0.8491082696131625,-0.022438508609590044,0.0
34,-0.5257014645295748,0.49899127514134556,0.0
35,-0.02299591017094538,0.556518700201858,1.0
36,-0.2436999216680649,0.6530281058352452,1.0
37,-0.8751251502416437,-0.35163021167633,0.0
38,0.27180404375343353,-0.927451388351719,0.0
39,-0.5576921374268217,0.21627453978999311,1.0
40,0.7313359899125418,0.19151370861743452,0.0
41,0.21495251065557502,0.5250379121918788,1.0
42,0.6492013586084949,0.4157374486146049,0.0
43,-0.2906825459618308,0.5034033005258124,1.0
44,-0.25078052075083845,-0.5733481760153244,1.0
45,-0.7943816707082159,-0.5091484196652446,0.0
46,-0.2499785240217798,-0.40579345862306876,1.0
47,-0.7575142747023049,0.22216945854073505,0.0
48,0.2235909064822468,0.18445175553740872,1.0
49,-0.2614844650300275,0.8742253840980357,0.0
50,-0.88508264744337,-0.06104928077642518,0.0
51,-0.4891763464911133,0.008714644373604695,1.0
52,0.037276169845064544,0.9354649742092891,0.0
53,0.11027785399625135,-0.21542244479899447,1.0
54,-0.529603859892331,0.23587456864360035,1.0
55,0.2188146456695321,-0.31999940271093663,1.0
56,-0.06522121638645914,0.6678963688944249,1.0
57,0.8336463561743511,-0.3183677482480304,0.0
58,0.36644310385936985,0.3104217463833011,1.0
59,0.027423537221254752,-0.22642714208037001,1.0
60,0.6309346781184566,0.08045664527612213,1.0
61,0.03824763424727967,0.44390332616881983,1.0
62,0.20698370785280787,-0.21888533596983006,1.0
63,-0.44817866077148966,0.6160099625947006,0.0
64,0.4980811602857912,-0.2249695325755968,1.0
65,0.74045111693789,-0.35174852008471974,0.0
66,0.1385430068001455,-0.42464253111880834,1.0
67,-0.7710578080585062,0.5895616737360985,0.0
68,0.3800714237460843,-0.46974022724954373,1.0
69,-0.31307456998299976,0.08648464141215655,1.0
70,0.5567052963350577,0.5649666933299738,0.0
71,0.5755140131442514,-0.7719703192108267,0.0
72,0.2683135573641605,-0.6069472708978707,1.0
73,0.6435146722478627,0.735173013849436,0.0
74,0.47263462312201976,-0.5258443940121007,1.0
75,-0.6474723537169589,-0.07751242494785475,1.0
76,-0.03170587220657025,-0.7868978267113199,0.0
77,-0.11367548846923627,0.9910471172232956,0.0
78,0.20974402862455344,0.951289187047823,0.0
79,0.39283560239841464,-0.5529243427426312,1.0
80,-0.7035420976124563,-0.5125986365523773,0.0
81,0.4227371069708052,0.5645494078267845,1.0
82,-0.48410607225502733,0.5430961894568777,0.0
83,0.5608934973509259,-0.686428572644856,0.0
84,-0.6311938143563828,0.12747634319320214,1.0
85,-0.4448170582445449,0.7325444399375362,0.0
86,-0.45611811000885855,0.7092948242527197,0.0
87,0.43637300751591257,-0.8611842340201635,0.0
88,-0.3251363050463474,0.09601570924444451,1.0
89,0.8092617511317808,-0.2722325021584181,0.0
90,-0.3668581625837806,0.8904150813919383,0.0
91,0.040047743174909126,-0.9830169724838137,0.0
92,-0.026978482650593893,0.11823056474212111,1.0
93,0.1039446720343445,-0.9234909828478286,0.0
94,0.984503801785993,0.10930372516648623,0.0
95,0.6705429545554993,0.7124481214144265,0.0
96,-0.02242073248863248,0.3850471698210118,1.0
97,0.6755289770330013,-0.7185328211095869,0.0
98,-0.4150141136205453,0.84717108143295,0.0
99,-0.9019943035367967,0.09370220877994113,0.0
100,0.5419287187501017,0.4316262128296952,1.0
101,-0.44036095199109987,-0.19609985109835257,1.0
102,0.7374726450579809,0.5079514509374821,0.0
103,0.605081711255513,0.7465964656275634,0.0
104,0.16240974027763694,-0.4896461462681424,1.0
105,0.028082691395105146,0.7335841942587055,0.0
106,0.6167215374407308,0.24981467977537425,1.0
107,-0.7740601961823,-0.5760626082878267,0.0
108,0.12185697608036655,0.16019234865930274,1.0
109,0.8088925513583795,0.2787454681487974,0.0
110,0.379989355990059,-0.685551847990549,0.0
111,-0.13448125870427946,0.10139110498872038,1.0
112,0.5627339894934364,-0.6344684624908801,0.0
113,-0.004741254947849131,-0.126369498001264,1.0
114,0.2640111650435935,0.8296078031749415,0.0
115,0.6167847856689158,0.36377912451022754,0.0
116,0.4571425655592733,0.8486017296417041,0.0
117,-0.2569161203376366,0.00875236166595853,1.0
118,-0.5746088740736933,0.7149419007500858,0.0
119,0.12721856767233444,-0.22473416475138147,1.0
120,-0.5758548368783298,0.11269953703523966,1.0
121,-0.6175397472618225,-0.22123153595190204,1.0
122,-0.7471997219041234,0.6385566978510764,0.0
123,0.023083147947048882,-0.7494658167717269,0.0
124,-0.19044421960905025,-0.4718003734509248,1.0
125,-0.1930482793789264,-0.45211511357527184,1.0
126,0.12747436286292788,-0.9337390467747777,0.0
127,-0.3820299296042143,0.2827057857630853,1.0
128,0.25865327319951315,0.24011078713473388,1.0
129,0.22230054835975577,-0.48878750312025115,1.0
130,-0.43239998322039785,0.6317858176025579,0.0
131,-0.26634026624018786,-0.6950923426080693,0.0
132,0.8974773521558942,-0.06515503265307111,0.0
133,-0.22344994450385874,-0.7145250690545492,0.0
134,0.44735479522497723,-0.2971445803315773,1.0
135,0.6403092149874814,0.05385584353631417,1.0
136,-0.7191396289278256,-0.5485974526704073,0.0
137,0.6480898214273586,0.45440735665480597,0.0
138,0.6815453285411155,-0.7032592749770352,0.0
139,0.5889263338194259,-0.15023376593060236,1.0
140,0.7263276400017641,0.15830246331234105,0.0
141,0.5159343672347777,0.57248225327884,0.0
142,0.45764248440993316,-0.7992837823565321,0.0
143,-0.14731665554327442,-0.351811513720168,1.0
144,0.63335213415283,-0.07331719383734164,1.0
145,0.03900290580455354,-0.9531200003153318,0.0
146,-0.17223179992351284,-0.1157717394846912,1.0
147,-0.8795981094457305,-0.22138980563928168,0.0
148,0.6432646622424435,0.03993258921407214,1.0
149,0.19208828370593747,-0.8904527368372843,0.0
150,-0.07442519261522364,0.06644886388403355,1.0
151,0.4735318943925418,0.3752515193190846,1.0
152,-0.26835665162586253,-0.08133108073667374,1.0
153,-0.5528705125479061,0.5890235756670984,0.0
154,-0.41175780715122534,-0.32296223749777847,1.0
155,0.8336484518225193,0.0876488986451227,0.0
156,0.49465640500504054,0.8361318484124259,0.0
157,-0.34501980139644456,-0.08819545853163703,1.0
158,-0.7168715985480351,-0.5923456816724157,0.0
159,0.21203480992925852,0.12043832852793034,1.0
160,-0.40405060124546854,-0.46638355453860597,1.0
161,0.35550939629739914,-0.5508058916921963,1.0
162,-0.16015804178382453,0.6805872085819972,1.0
163,-0.9792993061036419,-0.13204238335083965,0.0
164,0.7319008446612122,-0.48991054457526495,0.0
165,-0.16187784160357888,-0.5316511329029852,1.0
166,0.13951761014191488,0.5003714839607557,1.0
167,0.9085291088735605,-0.1941521633120061,0.0
168,-0.5133145502963278,0.7860123060052995,0.0
169,0.3212436239111701,-0.6383643470934636,0.0
170,-0.5608469193338569,0.17247163255459572,1.0
171,0.2466458483811663,-0.9664797843914027,0.0
172,0.49412352021053757,-0.2679281473500808,1.0
173,0.35006157474209637,-0.24529425760837975,1.0
174,0.31557630804543735,-0.8834646088579219,0.0
175,-0.3989159470689262,0.8082088005493109,0.0
176,0.6971635749472505,-0.4264415028325934,0.0
177,0.5586880726663915,0.8039162078464799,0.0
178,-0.06158963172966017,0.9601673262915291,0.0
179,-0.524342380159832,-0.6879778860327389,0.0
180,-0.010602313983429206,-0.9276793629729372,0.0
181,0.4724812073710705,0.15462292521900795,1.0
182,-0.04444155006345574,0.3731909772877541,1.0
183,-0.5567167626792501,0.6001069033654516,0.0
184,0.4849792209658417,-0.692397062303212,0.0
185,0.40869143014661774,0.004923789900523945,1.0
186,0.48459041163263006,-0.40091072080775564,1.0
187,-0.4842718326115974,0.8220319691806759,0.0
188,-0.5571069818702149,-0.5010315142799733,0.0
189,0.6993734578889408,-0.2986849198180897,0.0
190,0.40801128268720077,0.16630263404630352,1.0
191,-0.6961528412021967,-0.2034538530084507,0.0
192,0.1256535294448857,0.7124927493897486,0.0
193,-0.08814106587557224,-0.2848978637206499,1.0
194,0.4095875818971586,-0.9023196251231294,0.0
195,0.017811634763322398,0.7556972582475289,0.0
196,0.05098842225670458,-0.06171761061546501,1.0
197,0.3871376909341317,0.7891600658190817,0.0
198,-0.9813302100671846,0.12351814704585364,0.0
199,0.521223741320795,0.5640885035209489,0.0
200,-0.19991159622929353,0.5288827752685097,1.0
201,-0.3045081694457873,0.307867650896551,1.0
202,-0.2764968354792065,-0.7720596699004902,0.0
203,-0.18012449922810864,0.40331447188841135,1.0
204,-0.7469017912600874,-0.14080343294938538,0.0
205,-0.4509217069913018,-0.6315922660575226,0.0
206,0.21842649511718712,-0.9564062731680519,0.0
207,-0.07262516056528986,0.2588259097979618,1.0
208,0.663230388128067,0.24514949708721043,1.0
209,0.07009963039105852,0.8597578270080972,0.0
210,-0.4035613919904856,-0.11985384169629475,1.0
211,0.4478393453122307,-0.43302038355582273,1.0
212,-0.137630195791313,-0.2096507277865168,1.0
213,-0.6656557988429004,-0.531773656025378,0.0
214,0.29037268712648645,0.058750228343644524,1.0
215,-0.6285153912544337,0.007753148667072306,1.0
216,-0.45489213834949216,0.8164531668066201,0.0
217,-0.3948719406861367,0.5624735435634068,1.0
218,0.9243792562554312,-0.241132586444764,0.0
219,0.45272932855868925,0.7489681387092983,0.0
220,0.8130051971439761,0.5043277798502185,0.0
221,-0.12109573590912423,0.3357660372841988,1.0
222,-0.1693174077189346,-0.21188327157652656,1.0
223,-0.03259009209434063,0.2631808113569461,1.0
224,-0.2554340914054324,-0.8964416987708685,0.0
225,-0.2692994491075195,-0.7493649218223587,0.0
226,-0.6522078143598821,0.26682702390642277,1.0
227,0.20520085648136163,-0.3484767204502991,1.0
228,-0.3670404514404858,0.7341762354732261,0.0
229,-0.4032585738946921,-0.39420795327620817,1.0
230,-0.8166179480971095,-0.2097974978678521,0.0
231,0.6108107424710982,0.2954074571659127,1.0
232,-0.4086111847904207,0.5835295709805081,0.0
233,-0.8196173536486913,-0.34335568446988995,0.0
234,0.3011018978254033,-0.04564123847269186,1.0
235,0.15965924474852647,-0.7438194867639814,0.0
236,-0.44091951308540805,0.053150073155125724,1.0
237,0.29668567285928965,0.848595523988666,0.0
238,-0.08746632245899856,0.6936826929978565,1.0
239,0.9592150679878664,0.2619194279026519,0.0
240,-0.3727476890970017,-0.20976769281413118,1.0
241,-0.8722112134014173,0.4497407468098646,0.0
242,-0.48643108754772635,-0.7512002620312012,0.0
243,-0.6802182580522588,-0.13624836875214097,1.0
244,-0.7814539941017218,0.4504039512283408,0.0
245,-0.464334996839059,0.622287647275428,0.0
246,0.7831738798624018,0.20435199507871776,0.0
247,0.9504029108893016,-0.10210323050976977,0.0
248,0.22749106900896712,0.1162679230589794,1.0
249,0.9021042881444425,0.14558865776498311,0.0
250,0.13364526042005034,0.6032857733557917,1.0
251,0.3741216785498258,0.43078833055198373,1.0
252,0.2747430035397149,-0.9584065177240608,0.0
253,0.5121650441188583,0.7203314998381691,0.0
254,-0.3731813939372135,0.5884477767811397,1.0
255,0.6478477153959751,0.054053067267241746,1.0
256,0.8515014349617421,-0.3904794644150832,0.0
257,-0.12719323777821043,0.2657757560019156,1.0
258,0.4637707271201238,-0.7023784375821468,0.0
259,0.8630568952827794,-0.2104457631077317,0.0
260,-0.12622938515710336,-0.8850211986381877,0.0
261,-0.038286931185315246,0.5664104833424631,1.0
262,-0.8914597531077665,0.04403057273184954,0.0
263,0.09670434750376924,-0.46473294594803083,1.0
264,-0.19086639018087675,-0.5708572252182593,1.0
265,0.30258770623779896,-0.5708667026882258,1.0
266,-0.7071361652591224,-0.2033922992956906,0.0
267,-0.18423626459626455,-0.280482912756147,1.0
268,-0.416416910427264,0.48326468663613126,1.0
269,0.0062407266924311144,0.016178486865998473,1.0
270,-0.2807995828888406,-0.8158016429236045,0.0
271,0.9228198862813888,0.016714356639179022,0.0
272,0.07875004001532473,-0.36432143818032764,1.0
273,0.8380531649254632,0.03811380360462868,0.0
274,-0.672887036881359,-0.6068987757374893,0.0
275,-0.820880293634088,-0.5549629414609657,0.0
276,0.724004742094508,0.5653385674031018,0.0
277,-0.5449745114179544,-0.35652386645044504,1.0
278,0.04878149462826835,-0.9885894366679672,0.0
279,-0.9617780703050307,-0.2212856713225836,0.0
280,-0.331063498826367,-0.6277530875634328,0.0
281,-0.22287518560111894,-0.8389119085024196,0.0
282,0.26144869932383025,0.9195010849885064,0.0
283,0.6179749387370973,-0.30700821986004545,1.0
284,-0.4351083398986445,0.8212593826847462,0.0
285,-0.7244082587391516,-0.42047739622051417,0.0
286,0.43214660748329786,0.3273737399597502,1.0
287,0.875934169169762,-0.019788917715540446,0.0
288,-0.42798409689127886,-0.6225065450801746,0.0
289,-0.2975533315641349,0.07285031440145101,1.0
290,-0.5723887746106232,-0.2524906275575655,1.0
291,0.2676002766107355,0.0461638966689746,1.0
292,0.042983859566189594,0.6887084659228386,1.0
293,0.6463684860374467,-0.10366961175090264,1.0
294,0.568388401590484,0.3172886192536095,1.0
295,0.4817442276416312,0.5951662395707207,0.0
296,-0.31399316466443644,-0.15523837386447187,1.0
297,0.14499824500663205,-0.9553765848616134,0.0
298,0.49814098187059264,-0.6602317852512365,0.0
299,0.5839211885104387,-0.6948506343102295,0.0
300,0.060781561813499176,-0.9450432974246585,0.0
301,-0.4397815912920218,0.6244294987299471,0.0
302,-0.1747702786694751,-0.09835431153942728,1.0
303,0.32584081208607635,-0.7780196586827638,0.0
304,0.48503541303437187,0.5777252827823398,0.0
305,0.7924670837273382,0.44491925489810746,0.0
306,-0.7049343217736441,0.1876914368315091,0.0
307,-0.33376712356616917,0.8377610653345965,0.0
308,0.9982291254680483,0.02342874601397146,0.0
309,-0.5887562380294217,-0.06261711866040441,1.0
310,-0.2886831386249671,0.29611397382479626,1.0
311,0.46456580367691347,-0.419348796955382,1.0
312,-0.43786532474628903,0.7492155545972755,0.0
313,-0.34567495823980304,-0.565453583509926,1.0
314,-0.6979487123240817,-0.3181944443172618,0.0
315,-0.1095686663174602,0.33963683440269565,1.0
316,-0.8345454268691677,0.17221336018363675,0.0
317,-0.3565703820804852,0.3910753948914152,1.0
318,0.034019729824723934,0.43527028199346557,1.0
319,0.7901563396477033,0.4884700169895158,0.0
320,0.7113464438570716,0.24165897031248854,0.0
321,0.11879767904240218,0.6858469609179505,1.0
322,0.8210886238861931,0.47395910896738996,0.0
323,0.1714425238545868,0.23794935821592808,1.0
324,0.5902776053453505,0.5896836431245582,0.0
325,-0.4006067764428688,0.4092633631693116,1.0
326,0.03109212148846307,0.41766377622009276,1.0
327,0.8211461207974818,0.02275298368404287,0.0
328,0.5895136874033114,0.12367523287662245,1.0
329,0.5732443288095087,-0.03587160411344466,1.0
330,0.029631919703822143,0.9709787405313538,0.0
331,0.43181990127876674,0.11326920825662337,1.0
332,-0.5028293246417412,-0.5092507517108498,0.0
333,-0.14687597914943662,-0.049402909026124486,1.0
334,-0.3095651038147815,0.2598798523108318,1.0
335,-0.09825548434120153,-0.9347537608538614,0.0
336,0.8196620150289976,-0.34263935759232284,0.0
337,-0.5934979487838086,0.4523225340875712,0.0
338,-0.334188734380019,0.33282320502759627,1.0
339,-0.7438614076628036,-0.06646644876340738,0.0
340,0.010732920056849667,0.10968742198021535,1.0
341,0.38818733568473596,0.7498694708760364,0.0
342,-0.6478305532087887,0.5450378472114784,0.0
343,-0.3557892924258875,-0.7207350435225424,0.0
344,0.7785170049220672,0.07245658922675871,0.0
345,0.1751660472638189,0.20744466373109507,1.0
346,0.177235383087846,-0.46367401052105567,1.0
347,-0.37402877357393605,0.6591513670142156,0.0
348,-0.5849711725918387,-0.22802520313646626,1.0
349,0.9360696155105258,0.34028944076979756,0.0
350,-0.9126220750078305,-0.3014403847920561,0.0
351,0.3839755954427183,0.06760654278209301,1.0
352,0.20380221154315814,0.7405573922523822,0.0
353,-0.7900803286397093,0.2683061318718329,0.0
354,-0.3653896433250007,-0.05508014934361512,1.0
355,0.3945784058639634,0.3961105006523111,1.0
356,-0.8182482923168158,0.21537775894021421,0.0
357,0.18070682516726522,-0.9319083306639147,0.0
358,-0.16031535941359343,-0.5621758050131876,1.0
359,-0.3325532429437105,0.3582625466036075,1.0
360,-0.9062614856505485,0.02195728482019588,0.0
361,0.23178677102262835,-0.7288741818754331,0.0
362,-0.057087503763160165,0.6879894175202563,1.0
363,0.32206781646213656,0.39041304156905915,1.0
364,0.2644574020518045,-0.0521596697490623,1.0
365,0.09339020132542575,-0.09575850454853456,1.0
366,0.535747710202508,-0.5412435418338627,0.0
367,-0.4326725765128705,0.062487718743678214,1.0
368,0.9634249369629273,0.2175899107605868,0.0
369,-0.01448947955497151,-0.32751684440402956,1.0
370,0.16785884684818897,-0.651085398286511,1.0
371,0.6132023941457367,-0.13653798330463396,1.0
372,0.4698578852211958,0.10744786168647842,1.0
373,0.3327033781946993,-0.7987892006917532,0.0
374,-0.4161860424374884,0.6859256083282876,0.0
375,-0.42631373843063053,-0.7375732380429552,0.0
376,0.2334006253949854,-0.16832327219289792,1.0
377,-0.006038213412389603,0.5938913668973405,1.0
378,0.7203799411506788,-0.029762639701081433,0.0
379,0.6348542934449052,0.15388687346492913,1.0
380,0.15141381066858117,0.13300909672486425,1.0
381,-0.43724324779234597,0.05334601354172902,1.0
382,-0.1884487655164195,-0.9536832341401227,0.0
383,0.3609556238856006,-0.17966847897913274,1.0
384,0.5296832105426379,-0.755968272437421,0.0
385,0.8912007010828935,-0.167028349251854,0.0
386,-0.5835520703158277,0.2253014387619825,1.0
387,-0.5682288957617573,0.37934079910502316,1.0
388,-0.7681108331424306,-0.48374327453636023,0.0
389,-0.29430015765212464,-0.770761793796337,0.0
390,0.7497388870498862,-0.5242474012088842,0.0
391,-0.7289146028898942,-0.47568906601475686,0.0
392,0.6904869152492884,-0.4631406906223277,0.0
393,-0.8245018908659103,0.4828775600143546,0.0
394,0.12136514397034057,-0.8989313849920066,0.0
395,0.4231267986119495,-0.005138081295192732,1.0
396,0.7612035240201244,0.4108448248433815,0.0
397,-0.07814530799488237,-0.2838567137710993,1.0
398,0.5354565112020659,-0.37301818307601775,1.0
399,0.4964673178548281,-0.3876494414486602,1.0
400,0.31342822386680824,-0.3223830678853693,1.0
401,-0.1739763322334611,0.9527000285811803,0.0
402,-0.2560294398253922,0.17095497741763144,1.0
403,-0.069905263837284,-0.0035593646083698764,1.0
404,0.5579756605270746,-0.10762883407039729,1.0
405,-0.09717393492999894,0.9906068567355277,0.0
406,-0.2743196269315814,-0.4352515027757605,1.0
407,0.05596646764184501,-0.9097043585788877,0.0
408,0.2515102040005634,0.33144570340262436,1.0
409,0.5253988987130495,-0.5570766123519211,0.0
410,-0.9784554954155715,-0.03215864845512512,0.0
411,0.8147566888012515,-0.22953163751306208,0.0
412,0.7617406039129914,-0.6326604361968255,0.0
413,0.7170339138846664,-0.24580279784468792,0.0
414,0.40626465287478747,0.9045903704870784,0.0
415,0.4639858484491368,-0.7885202370002551,0.0
416,0.5742773931857045,-0.6696668588020165,0.0
417,0.8913514638149809,-0.3065655800418422,0.0
418,-0.4689198237246452,-0.6415650521807312,0.0
419,-0.40461812413688975,0.4389176688133162,1.0
420,-0.62117084661695,-0.3773979588844838,0.0
421,0.2603355276984776,0.3984040771632724,1.0
422,0.8815314657218254,-0.02112815240467865,0.0
423,-0.07161920475088807,-0.4061393740155181,1.0
424,-0.405298373394945,0.6425972124978464,0.0
425,0.6389918308946166,-0.3571951422248908,0.0
426,-0.1919008664465657,-0.7969170979058913,0.0
427,-0.4350382874955012,0.7557964587626961,0.0
428,0.2993143849376551,-0.14226308387386422,1.0
429,-0.35597833258210315,0.7058472840494954,0.0
430,-0.2738012783573774,0.5822273975304312,1.0
431,0.7700812579804335,0.14552076063306849,0.0
432,-0.25290416085247547,-0.7937405297513794,0.0
433,0.5956484207110557,0.4802942271827208,0.0
434,0.8163663640732433,0.2577441298430442,0.0
435,-0.401323438897916,-0.5991366743872375,0.0
436,0.6669399798854355,-0.13438330387249198,1.0
437,0.49255910582286283,0.21012946656648845,1.0
438,0.029597699057621916,-0.4777820069939857,1.0
439,0.11146769197027111,0.8263637575176196,0.0
440,0.5366341110991634,-0.6385414501951054,0.0
441,0.4408475230086159,0.03370421982132554,1.0
442,0.33888726414023973,0.9257390770701297,0.0
443,0.8092683883919162,-0.12741842817640867,0.0
444,-0.6485925505120996,-0.3324813177158015,0.0
445,0.6205784109887396,0.6753205071369138,0.0
446,0.6972035375142785,0.02067995601375665,1.0
447,-0.580232771066233,0.3731953931670744,1.0
448,-0.46567897685766874,0.20351287573598784,1.0
449,-0.38677647694238687,-0.08086679339956301,1.0
450,-0.355346017678063,-0.765081555522847,0.0
451,0.5212994378532592,0.7565433657979683,0.0
452,-0.34285605812897896,0.7484974959879407,0.0
453,0.573961014495692,0.19846982273138208,1.0
454,0.7585804672129237,-0.016666312791811345,0.0
455,-0.666317643947695,0.3455911906255465,0.0
456,-0.42036964734103827,-0.8716968756790775,0.0
457,-0.13682833642297837,0.607414371172933,1.0
458,0.25436861370587455,0.3163530629334179,1.0
459,0.3253092693849371,0.8781268544927032,0.0
460,0.9415958154044152,0.09014331533598431,0.0
461,-0.0830794211480166,-0.20337995177402762,1.0
462,0.44428964911594204,-0.028822535070938602,1.0
463,0.669164988826748,0.4341680220006512,0.0
464,0.45096180307957967,0.7651657387769346,0.0
465,0.2485787854777271,-0.7381741624785905,0.0
466,-0.28658581280584594,-0.3308440237105256,1.0
467,0.32470574942866376,-0.11048869421877021,1.0
468,-0.4694366552642134,0.534417309562042,0.0
469,-0.8123680533280719,0.39442179527882376,0.0
470,-0.10563678664426916,0.45377092280092096,1.0
471,0.09185878058983576,-0.2582530915620025,1.0
472,0.28400481127180527,0.6858471134063123,0.0
473,-0.318890580957417,0.3002098358013869,1.0
474,-0.13996142060088712,-0.21871104505180156,1.0
475,0.752313912262274,-0.45528933158805696,0.0
476,0.3485268736534247,-0.8365139714429712,0.0
477,0.54332270774116,0.32114791973645024,1.0
478,0.35626288096920267,-0.4088436373625108,1.0
479,0.1351584496004603,-0.5087760636454486,1.0
480,-0.5906801777258192,0.1098560579583374,1.0
481,-0.716597288651594,-0.25178556156667586,0.0
482,-0.6807555796463393,0.2537556282978844,0.0
483,0.5602811139861867,0.2035540578890383,1.0
484,-0.34121554414628663,0.7217984009895941,0.0
485,0.7024862499607797,-0.42694321702481813,0.0
486,-0.6082172764047565,-0.4339938855074046,0.0
487,0.5076214703915952,0.36002132971443335,1.0
488,-0.7489753521001652,-0.2508758734624911,0.0
489,-0.5659977773025989,-0.5211039237068055,0.0
490,0.2189686150662196,-0.5407185987153097,1.0
491,-0.4798598321102101,-0.2700658330692838,1.0
492,0.222345472224139,0.7044936976302281,0.0
493,0.768596040735307,-0.14697572985993648,0.0
494,-0.22399928570582567,0.7487474600458346,0.0
495,-0.09539443314370935,-0.6113410758513167,1.0
496,-0.2868619451064656,-0.695330232095506,0.0
497,0.8797118885192061,-0.46030058482951225,0.0
498,0.06167888127139714,-0.6513219132265247,1.0
499,-0.6989404046758292,0.5953965277876405,0.0
500,0.2722923978031026,0.08473807530026782,1.0
501,-0.5193269103168121,-0.7781566769762793,0.0
502,0.9677108190933483,0.07240114736361018,0.0
503,0.48423798039249905,0.1654617605349676,1.0
504,0.10884363516033954,0.01595239033109432,1.0
505,-0.6229023354131961,-0.3082224747979705,1.0
506,0.09963574123000138,-0.41567412324058156,1.0
507,0.89123450376881,0.4211084344646054,0.0
508,-0.39961947475275295,0.8590708413838071,0.0
509,-0.7110193292367081,0.674623153606555,0.0
510,0.627043530321994,-0.45900552155947233,0.0
511,-0.4351356165527262,-0.5708041363812292,0.0
512,-0.7539355402439776,0.5141002339400873,0.0
513,0.7126309822729298,-0.3801395122764014,0.0
514,-0.19185576032922586,-0.46016197539099185,1.0
515,-0.4536540191636622,-0.8535127820686212,0.0
516,-0.1564444711089849,-0.6443792186476542,1.0
517,-0.8493204931841747,-0.2284971075674468,0.0
518,-0.6930629174156618,0.14353309545807974,0.0
519,0.42182109191788203,-0.07364244372869014,1.0
520,-0.4895270514654765,-0.2372553748451867,1.0
521,-0.6300313259191245,0.4212734232816108,0.0
522,0.31465481926983496,0.20974848980278263,1.0
523,0.041596034600116086,0.10957932524899269,1.0
524,0.6550767992773581,-0.0690334078433284,1.0
525,0.8478877235315555,-0.2080470623289266,0.0
526,0.7835448569499391,0.01465369885685274,0.0
527,0.5026669092083709,0.2673431394187618,1.0
528,-0.36592619795437203,-0.7637662973358743,0.0
529,0.1389410877938568,0.6820630522411643,1.0
530,-0.5161791012571912,-0.8561895162184275,0.0
531,0.22003168833180284,0.8530051046591907,0.0
532,-0.726558124901037,0.5502224390299328,0.0
533,-0.2338136898577091,0.4526367910078688,1.0
534,0.008621434110954318,0.39015462796522665,1.0
535,0.07015475949416694,-0.4408879889805523,1.0
536,-0.21809301711115228,0.6202422109415165,1.0
537,0.6151957667866517,-0.3656272530168997,0.0
538,0.16568787966083195,0.40884822888907335,1.0
539,0.6976039552735123,-0.5415657786228123,0.0
540,0.5310994395707765,0.7657444349813041,0.0
541,-0.16003382480597733,0.5388823254461131,1.0
542,0.7090526193399425,-0.0728600011217179,0.0
543,0.737134091985939,0.22584935896482902,0.0
544,0.4476983533676303,-0.7224571671199864,0.0
545,0.19821050121893247,0.32891496115545726,1.0
546,-0.5261626066429401,-0.06343479150957394,1.0
547,0.8255007013113548,-0.22193374685447076,0.0
548,0.5529428272328081,0.5122953680294363,0.0
549,-0.678774872570914,0.6627295570632773,0.0
550,-0.6683385017489206,-0.03438035876414672,1.0
551,-0.36753529796428785,-0.5210860291584779,1.0
552,-0.28551957287376156,0.47432667122636796,1.0
553,0.0037875901101417793,0.4809971172636101,1.0
554,0.6751365378230472,-0.4415393414631447,0.0
555,0.5138155196479762,0.026069399524646722,1.0
556,0.9221329571171367,-0.10929926825670969,0.0
557,0.3076263873688825,0.4195407029675173,1.0
558,0.09757490352943382,0.8147630142724751,0.0
559,-0.08680400819834377,-0.7487651207571262,0.0
560,0.015246933929890669,-0.7926072980263593,0.0
561,-0.943100451900468,-0.07731955287617207,0.0
562,0.40852370766900964,0.05564918455627457,1.0
563,0.06616276798351128,0.38136338839513967,1.0
564,0.09110042149502583,0.337050344219873,1.0
565,0.21557174687847347,-0.1731122262175041,1.0
566,-0.7065983504250541,0.18694864209277667,0.0
567,0.04452814703637169,-0.4046583695832565,1.0
568,0.746968217588767,-0.49920578122228354,0.0
569,-0.1177353406031052,0.09353566228958303,1.0
570,0.543380770205662,-0.2816812210736799,1.0
571,-0.291271056038814,-0.6231894922915525,1.0
572,-0.36793053440577156,-0.2848779081092598,1.0
573,-0.5681640724298462,0.18192252833891426,1.0
574,-0.44112836633124897,0.16792021899216178,1.0
575,-0.2379954626755045,0.4745379500952461,1.0
576,-0.17388027803484737,0.9469090292309582,0.0
577,-0.6430795037186248,0.06020064955491197,1.0
578,-0.5195306962180751,0.3405184238009482,1.0
579,-0.060442163483833834,0.7794364613665233,0.0
580,0.729063035676378,0.36415511359700836,0.0
581,0.8011401734684739,-0.13583433800990227,0.0
582,-0.2612597578917666,-0.12846130207322895,1.0
583,-0.3922919662343197,0.6542244204114522,0.0
584,0.46106432372009204,-0.7234246949686677,0.0
585,-0.8889943429017358,0.0725080990797611,0.0
586,0.39402346140119177,-0.658239898368958,0.0
587,0.1843974794984014,0.31075814999641527,1.0
588,0.1765031228982474,0.22931849359339765,1.0
589,0.05255908470197186,0.5659427848476459,1.0
590,0.6149620310111643,-0.741202070882554,0.0
591,0.06306306369530387,-0.6845732822940467,1.0
592,-0.44563896034285594,0.8347932822993884,0.0
593,0.6197273835491535,-0.27497804158940653,1.0
594,0.5553944713203559,-0.6683225926054792,0.0
595,-0.5312773461586988,0.45041265207386266,1.0
596,-0.6815101552373786,-0.49421267662890633,0.0
597,0.5606312853662626,-0.053589537558667195,1.0
598,-0.25577844155834384,-0.9079882446764873,0.0
599,0.16623197790342922,0.4879292963728423,1.0
600,-0.0639781554530858,-0.045646734922653046,1.0
601,0.6585660906090182,-0.5361496903074705,0.0
602,-0.8056496986856344,-0.16593078753602675,0.0
603,-0.7935259568828223,0.16497880372604937,0.0
604,-0.023991288372740144,-0.8287577573667365,0.0
605,-0.7339805467878298,0.2180292823350149,0.0
606,-0.2274889619379258,-0.2520470695622533,1.0
607,0.8172515507494201,0.0361057499260045,0.0
608,0.006531554775229926,-0.08096828127682452,1.0
609,0.41484649929382933,-0.1036593506556716,1.0
610,0.36539990448220117,-0.5360609247088866,1.0
611,0.2503486707928315,-0.5618673539554662,1.0
612,-0.34017460037489594,0.05697722066139623,1.0
613,-0.06002262594931308,-0.6506572741574754,1.0
614,-0.7878631335371957,0.05374873427619734,0.0
615,0.4645551535310368,0.4020596235139619,1.0
616,0.8231076920982888,0.17604888666315868,0.0
617,-0.2780316675885397,0.39194449504516937,1.0
618,0.1963843237999535,-0.32443561708998364,1.0
619,-0.8502292213264019,0.16127651934235981,0.0
620,0.6267276114802691,0.5253005147249447,0.0
621,0.6407541211563651,0.13713077523261075,1.0
622,-0.3641696097870592,-0.06440326175943335,1.0
623,0.008142978785559238,0.8146271731445466,0.0
624,-0.5573650476290675,-0.6627970681948295,0.0
625,-0.11474213150873874,0.3883000083243075,1.0
626,-0.7786433370356781,0.2881254772145766,0.0
627,0.3761009450789119,0.4628014320337992,1.0
628,-0.793965435798391,0.533608003732285,0.0
629,-0.7875582539320047,-0.362341943848574,0.0
630,-0.5136335107731085,-0.09955795721230623,1.0
631,0.7757017136582822,0.5799251426394688,0.0
632,0.1012848279199466,-0.12236886751891306,1.0
633,-0.09673614661630206,-0.41888677756194165,1.0
634,0.29200816643538496,0.3957703903555438,1.0
635,0.6583974509975928,0.5464365286927262,0.0
636,0.33593838426989975,0.6428945733755657,0.0
637,-0.5759253446954882,0.36426007910756475,1.0
638,0.015316363541093598,0.47148568141573566,1.0
639,0.1163182495837217,0.8619380344162741,0.0
640,-0.23791815763499244,-0.24597023868582915,1.0
641,0.36380239459662184,0.3391003363174677,1.0
642,0.20682834962338778,0.8738319937877314,0.0
643,0.57688874574289,-0.3438703818320027,1.0
644,0.6917951159821257,0.63106042032668,0.0
645,0.13204746320246738,0.7643478080651824,0.0
646,0.7457038833399496,-0.48318771231282437,0.0
647,0.08395683101599218,-0.4246816730857045,1.0
648,-0.5328913440579673,0.17957918338315235,1.0
649,0.602562879318828,-0.11672201278116302,1.0
650,-0.3267173434633961,0.622458820615674,1.0
651,-0.5716294561093117,-0.38171558703529895,1.0
652,0.2619372167057211,0.8682482663886707,0.0
653,-0.4025810769939304,0.10544670861838057,1.0
654,0.027225072337497075,0.9223582330449868,0.0
655,-0.17224501974065615,-0.9270264005506805,0.0
656,0.11040178135193614,0.2516554832214409,1.0
657,0.07309027157916594,-0.06362532374507893,1.0
658,0.4315361076868609,-0.32638866491042406,1.0
659,0.07365736905887986,-0.6287442721368428,1.0
660,0.742744978064522,-0.6471315973652034,0.0
661,-0.0863737463808716,0.2528797599445548,1.0
662,0.837527942796376,0.28258133389092,0.0
663,0.5782271309983705,-0.3756039650551124,1.0
664,-0.31915563189800644,-0.16737146531269556,1.0
665,0.5821273040714845,0.1649488118330169,1.0
666,0.1001392261404423,-0.6089938772014906,1.0
667,-0.21437649631936206,0.4445393324869919,1.0
668,0.518072111313249,-0.16113672766725867,1.0
669,0.6449861292837641,-0.06254377854049546,1.0
670,-0.7839280717274341,-0.5896763292455118,0.0
671,0.5669583808069246,-0.3707003687810051,1.0
672,-0.6072683427539654,0.7624697843201198,0.0
673,-0.026958654468840285,0.17264212270701842,1.0
674,-0.031949838997204154,-0.2551263733157986,1.0
675,-0.15550685687723736,-0.060278716487925196,1.0
676,0.8062487333399284,0.126125406838255,0.0
677,-0.2728007107239759,0.3818539817028085,1.0
678,0.7581059284860232,0.041177451200787016,0.0
679,-0.32335592056199414,0.8311480519395626,0.0
680,-0.5642033104351399,0.11614018749999008,1.0
681,-0.32060408267215074,0.37800861747192427,1.0
682,-0.8419281415946956,-0.12870738724516528,0.0
683,0.6780566238586418,0.12703152420163502,1.0
684,0.3665493556828457,-0.12186761628009012,1.0
685,0.07154080465073435,0.28692687350545276,1.0
686,0.741415674946937,0.4329784037136246,0.0
687,-0.7291392365522288,-0.5733832126937078,0.0
688,-0.4491281753245877,-0.8298469499932619,0.0
689,-0.3076551657034024,0.6445442626388941,0.0
690,0.3377501351070718,-0.198442466724746,1.0
691,0.2681727958133368,0.3920979008667814,1.0
692,0.31697975554092345,0.5941781917894257,1.0
693,0.5122100565963762,-0.7677878818574508,0.0
694,-0.7655150002035614,0.2533460149649292,0.0
695,-0.4871377824265591,-0.19210345620487548,1.0
696,0.09698016670112763,-0.8640216946488097,0.0
697,-0.6520870437969715,0.1011071838829315,1.0
698,0.7656567330749876,-0.6297092283674287,0.0
699,0.10688780576012712,0.6459892680723036,1.0
700,-0.9130109161046024,0.06006176801744159,0.0
701,0.05815644157660908,0.10563834372123522,1.0
702,0.06421489734510394,0.8450430237876211,0.0
703,-0.4777106267920101,-0.4126390672668997,1.0
704,-0.5662357975569651,-0.42235805847037233,1.0
705,-0.32754364424722715,0.3025573689051793,1.0
706,0.9625181826706447,0.055409942748467444,0.0
707,-0.42346898971003655,0.14254482851071248,1.0
708,-0.09262185585976605,0.7436450066343727,0.0
709,0.7725414860954365,-0.022918896968609184,0.0
710,-0.8161971869136649,-0.4384809908921156,0.0
711,0.5143460532727226,-0.4495716596588173,1.0
712,-0.3286803943103913,-0.8496237282214489,0.0
713,0.607634666794399,0.39328955737034793,0.0
714,-0.976253036545568,0.05713727380770378,0.0
715,0.8046111455851106,-0.26307553693280666,0.0
716,-0.9365572982116637,-0.18699114457771546,0.0
717,0.6122464591212596,0.7533357854251543,0.0
718,0.07015849831656362,-0.8929299756599189,0.0
719,0.06124094368102225,-0.34440832366910734,1.0
720,-0.034218008737674645,-0.3510807971284926,1.0
721,-0.4176384304436293,-0.6646953375145888,0.0
722,0.3084474353266539,-0.4196032202001977,1.0
723,-0.5620695616880637,0.26311619495968014,1.0
724,-0.22412358167200347,0.35156336094954516,1.0
725,0.6918757409127115,-0.5324280441495114,0.0
726,0.7934172976590791,0.47432762456018895,0.0
727,0.35758211697618847,-0.07028269120569905,1.0
728,0.3125967141241428,0.6473934129127541,0.0
729,-0.3176033653607965,0.5423477042535382,1.0
730,0.2845255599543782,-0.8420573161688267,0.0
731,0.48243228372485447,0.48192467439995096,1.0
732,-0.596421088465379,0.6124466788071803,0.0
733,-0.44674997453097415,-0.6054075791035166,0.0
734,-0.4796835382420363,0.8649576967454239,0.0
735,0.3640407851782308,-0.5358240221143171,1.0
736,-0.27368448486008834,0.9553887545951862,0.0
737,-0.5445801512503844,-0.34477680049162723,1.0
738,-0.256888217635896,0.3415802907526448,1.0
739,0.682601315915773,0.5622601746055512,0.0
740,-0.09261211206595227,0.5129736826113425,1.0
741,0.30375107523145767,-0.6881061074651126,0.0
742,-0.3281888310934097,0.7336941944958185,0.0
743,-0.2518831241901614,0.36909639648906567,1.0
744,0.14185088843594298,-0.11952096522350465,1.0
745,0.8575358910349253,-0.5016627743284268,0.0
746,-0.8080194672385835,-0.4055794418377023,0.0
747,0.2704387127083397,0.2248736481407573,1.0
748,-0.053261724350957856,0.9193109478529672,0.0
749,0.1309995236448028,-0.49088626641661476,1.0
750,-0.3608482640694576,0.3421597152009351,1.0
751,0.7910737124081016,-0.3831693253902594,0.0
752,-0.6313270332045314,0.5989893066677289,0.0
753,0.9167084245418167,-0.07485324512738879,0.0
754,-0.20670587742909421,-0.30647134959556505,1.0
755,-0.15536598650580702,0.8505572205690591,0.0
756,-0.6555212345081632,-0.2002892542851459,1.0
757,0.1775445175458045,-0.5425507832607128,1.0
758,0.009754875689948456,0.8568592182786978,0.0
759,-0.2577748365527495,0.8824370881815907,0.0
760,-0.49132861684761625,0.2847050189753965,1.0
761,-0.2562238602285903,0.2985982084842804,1.0
762,0.9246873885438501,-0.3696457111909223,0.0
763,-0.5772572733579334,-0.7654828734813485,0.0
764,-0.45482975574738715,-0.2880469460050037,1.0
765,0.8523963961778838,-0.2963691815668783,0.0
766,-0.2444421337683081,0.17303544566123763,1.0
767,-0.37276793277525705,-0.8795396385314969,0.0
768,0.43102114226077126,0.7673806162454352,0.0
769,0.22315805718620488,-0.38348871727001965,1.0
770,-0.2563955765034942,0.47952951457354537,1.0
771,-0.7644310393505613,0.10583024576376981,0.0
772,0.5876002686759887,0.10238939634209639,1.0
773,0.5178689181030514,0.684138582167553,0.0
774,0.30286025221076956,-0.7075581509493214,0.0
775,-0.20457953666564518,-0.4064183383481355,1.0
776,0.7807208663544225,0.024175167481849974,0.0
777,0.008748000623002817,-0.11824786524082283,1.0
778,-0.23367050947812743,-0.23905210374158306,1.0
779,0.3802555643380937,-0.1288934556002341,1.0
780,0.5388150992089857,-0.2517061796695201,1.0
781,-0.09621613942841706,0.05149944518642155,1.0
782,0.7385947462913451,0.6199881647374424,0.0
783,-0.42814942911156045,0.23705911040014097,1.0
784,-0.41467475109736496,0.3141391431315034,1.0
785,-0.6128966621256117,-8.520879047497981e-05,1.0
786,0.004429910628288909,0.9699067437750226,0.0
787,-0.27336163279605996,0.5263959981450372,1.0
788,0.6041874954852312,0.25708038918571946,1.0
789,0.008268535990416045,-0.5462956194360554,1.0
790,-0.18116223083538763,0.9713008190929006,0.0
791,-0.25435469268977945,-0.5478694325967988,1.0
792,-0.04831126424118541,0.28496217773074756,1.0
793,0.44048668481551395,-0.6811415966884673,0.0
794,0.06246219931298958,0.8442176226379432,0.0
795,0.44316839290653776,0.4193361416854686,1.0
796,0.08900619757333839,-0.4510687888154348,1.0
797,0.08778893221417355,0.6336754331392952,1.0
798,0.30243649102359826,0.58957644068407,1.0
799,-0.9001325033547063,-0.43018749376551,0.0
800,0.8560642006245491,0.3543859618597198,0.0
801,-0.7353201696188316,-0.28321925529823005,0.0
802,0.43743247404830027,0.050702845247952384,1.0
803,-0.7468668885884613,0.36069983659439714,0.0
804,-0.7506872367929227,0.4421172636284066,0.0
805,0.2359464299709141,0.1404208705226123,1.0
806,0.5359212569533919,0.3037678769186327,1.0
807,-0.4883127466841054,-0.2973187834154337,1.0
808,0.7550160137506321,0.019548442177628016,0.0
809,-0.09260813690730188,-0.8027932182989879,0.0
810,-0.28871969183048624,0.3130953975031738,1.0
811,-0.05516739060122414,0.6830929622884182,1.0
812,0.9493215298755215,-0.30158998566048895,0.0
813,0.12466546450460886,0.017639761541025166,1.0
814,-0.42534489224442423,-0.4359763003542921,1.0
815,0.5745582671497075,0.06477083839375776,1.0
816,-0.4696951886157387,0.43008074801573615,1.0
817,-0.3570976489858069,0.8612055414437897,0.0
818,0.5794687304017545,0.3201890516336446,1.0
819,0.19455015076740725,-0.9193629535348794,0.0
820,-0.6826209146082858,-0.331011374380981,0.0
821,0.5761987415961428,0.3043233561816358,1.0
822,0.49713869967298385,-0.07180669150713322,1.0
823,0.6965633114663554,0.5817331075679427,0.0
824,-0.801627060925965,0.03993210731321473,0.0
825,0.45224138280503495,0.08777130260369344,1.0
826,-0.2993300552948759,0.2011765678508559,1.0
827,-0.35366684679864413,0.018737399196723768,1.0
828,0.5905470026236913,-0.7485493975293007,0.0
829,-0.2792554199284704,-0.5704453944389699,1.0
830,-0.5427928469870303,0.7250404951591808,0.0
831,0.3796053548988715,0.8667536370225848,0.0
832,0.45667165254491665,0.1333568504283868,1.0
833,-0.08546407935595685,0.15895987215158955,1.0
834,0.39200076096868225,0.1633140837333292,1.0
835,0.39468011492247346,0.7856247911986288,0.0
836,-0.07250098721408596,-0.1007808661113058,1.0
837,0.22512871286452515,0.7165536425570819,0.0
838,-0.307137702267472,0.31134096652047655,1.0
839,0.8747234656067675,0.03898129162971186,0.0
840,0.5907410252146631,-0.3611104229426002,1.0
841,0.4004108807123783,-0.6234990502670432,0.0
842,0.44873212976326005,0.30339369244994563,1.0
843,-0.27003502275463326,-0.6194026075050395,1.0
844,-0.21352042298225438,0.011028686017719395,1.0
845,0.3927376076391108,-0.809491703858556,0.0
846,0.4124063493875895,0.8587315799252613,0.0
847,0.36887141430535664,0.785226973191021,0.0
848,0.6748070233213214,-0.20064334956352095,1.0
849,0.2381346495578965,0.8871731725677713,0.0
850,-0.05672828221146271,0.024551533485579907,1.0
851,0.4055507358335744,0.708156767709705,0.0
852,-0.39762807097747976,0.7805625115814098,0.0
853,-0.27674456560781185,0.5000686778821621,1.0
854,-0.7215460172446608,-0.5796059315969304,0.0
855,-0.013553873665940273,-0.0025088076831903303,1.0
856,0.7659197191189582,-0.21327727329317947,0.0
857,0.1950043121806637,-0.5128326229985392,1.0
858,-0.0326280198998972,-0.7921889522566977,0.0
859,-0.14505323712954168,0.47991480280205384,1.0
860,-0.1493746460670906,0.4329746934859821,1.0
861,-0.7632629377050953,0.2087823621174039,0.0
862,-0.18971166827364902,0.6789287912123103,1.0
863,0.1699111015507533,0.39800867563263176,1.0
864,0.30950792038380054,0.8890330573898791,0.0
865,-0.6811039398189829,0.6469034589105388,0.0
866,-0.382191546070035,0.6352149456224094,0.0
867,0.7834062447972219,-0.3039254565675179,0.0
868,-0.5308001047461213,-0.41187131953444245,1.0
869,0.612107103785938,-0.6532750246761765,0.0
870,0.7433897375315875,0.5303092912760832,0.0
871,0.8478718566027241,0.21277456160198513,0.0
872,0.2476167488807826,-0.42642090117061937,1.0
873,-0.14451015935315167,0.06004393426242014,1.0
874,-0.7705575731843256,-0.25395689535744725,0.0
875,-0.0912168591122342,0.6347733289112949,1.0
876,-0.8636113457594425,0.3852743030484504,0.0
877,0.6232121942105858,0.6866251441171782,0.0
878,0.7295735676116556,-0.03839926350386282,0.0
879,-0.5847108911337866,-0.1885664987346523,1.0
880,0.6867902623343592,0.49123179507036935,0.0
881,0.5017853091378389,-0.6764474843222107,0.0
882,-0.7475667449708532,0.3513215833843657,0.0
883,-0.6061223565482616,-0.6892312697728664,0.0
884,0.41814687497656705,0.6344066331558631,0.0
885,-0.5692412822941844,0.4381869947548398,0.0
886,-0.7189057263050443,0.00909342032561617,0.0
887,-0.9427172297190467,0.016275220741746768,0.0
888,0.25701180149225267,-0.548357608975507,1.0
889,-0.917238646968774,0.024271883266397152,0.0
890,-0.23016049086665877,0.6722467643672211,0.0
891,-0.032521911160104784,0.2903123766976203,1.0
892,-0.2376445585428609,0.6265038316782787,1.0
893,-0.5314938612506868,0.09333098680882287,1.0
894,-0.06516921722330814,0.7236283699457488,0.0
895,0.9063401921994833,0.17848616568014034,0.0
896,0.13283851243497286,0.40225546215622837,1.0
897,-0.6079031805870541,-0.3250820624460339,1.0
898,-0.0981942334047268,0.7568752501312546,0.0
899,-0.43149745141483564,0.7639569758326189,0.0
900,-0.052255574382586385,0.9686311565540934,0.0
901,0.6090328810671778,0.4238948348518648,0.0
902,0.406604600678854,0.86964976718744,0.0
903,-0.016330575563503317,0.5799071258807786,1.0
904,0.4654300000394959,-0.7400639745190241,0.0
905,0.15713917399420643,0.8596701334315116,0.0
906,0.35112536318138776,-0.654209416090915,0.0
907,-0.017545371133116418,-0.4165103584297661,1.0
908,0.6133652929732465,-0.09993654504793809,1.0
909,0.0121643681328573,-0.5391680131342688,1.0
910,0.7371220143971413,0.6507916372819992,0.0
911,0.7465818840791428,-0.2953607139419496,0.0
912,0.5214260115435795,-0.7982184859095576,0.0
913,-0.5104251860145099,0.1887482426843761,1.0
914,-0.5987400929459586,0.26542486636495294,1.0
915,0.7390396587338027,0.14557715657749074,0.0
916,0.1202595025463937,0.5833230969519407,1.0
917,-0.14785973300444824,-0.6592701468364862,1.0
918,0.5948556361990577,0.4954329715343391,0.0
919,0.1679581615579061,-0.008719536493739221,1.0
920,0.5775319821227023,0.07917047759485424,1.0
921,0.014865643165363485,-0.0008440163376707856,1.0
922,-0.19885665110313772,0.6655776846572592,1.0
923,-0.7562898951505563,0.1898058470479792,0.0
924,-0.2925818946480999,-0.08594355699990396,1.0
925,-0.12102468991059719,0.47691448560181154,1.0
926,0.1652621606355767,0.8812946382005705,0.0
927,0.87078513370811,0.28638228081106354,0.0
928,0.2772156926104325,-0.5575703668963075,1.0
929,0.888720507171528,-0.15620368329206885,0.0
930,0.37094391559238193,0.3735516892173485,1.0
931,0.5349404714652907,-0.6480331120413325,0.0
932,-0.13593080899401333,-0.7259334947661166,0.0
933,0.0009392809423362231,-0.6633989724547165,1.0
934,-0.6170982335567728,0.5250067107331936,0.0
935,0.10822854348546786,0.040954382820451996,1.0
936,-0.14737313239466263,-0.3751327799013845,1.0
937,0.5267793657770097,-0.12777700958908023,1.0
938,-0.44745784525600285,-0.6930686015745144,0.0
939,0.0840669462687749,0.8361627006189748,0.0
940,-0.8032014531092171,-0.1887544699054005,0.0
941,0.6323289814982896,0.6064463419966172,0.0
942,-0.056538856846455286,-0.27632393794282584,1.0
943,-0.15160858438784267,-0.28793010532986835,1.0
944,-0.873651402830994,0.3034540930578302,0.0
945,0.5964739796481424,0.03250453143550624,1.0
946,0.7003220411427117,0.2791421307742989,0.0
947,-0.29412287897733663,-0.6457511423106407,0.0
948,-0.28022098811408086,-0.740363943718218,0.0
949,-0.24699286076233357,-0.12625861539075572,1.0
950,0.1225797558815557,0.8687717938644375,0.0
951,-0.18235672802230027,-0.3002471513739214,1.0
952,0.6506274565536834,0.5079944631711256,0.0
953,-0.44079386623416145,-0.4558978686515775,1.0
954,-0.6304210948159306,-0.3079462278925038,1.0
955,-0.5043259090344019,0.6460256278487478,0.0
956,0.11726746781204093,0.5977048533252752,1.0
957,-0.034120650399400924,-0.21183307713337415,1.0
958,0.4125451755179917,0.8910768933590608,0.0
959,0.3974753647639829,0.6038958799442622,0.0
960,-0.578727392689825,-0.6381373253550507,0.0
961,-0.38814603628671446,-0.6169582548593423,0.0
962,0.7258162791430668,0.5411816992479385,0.0
963,-0.05795848168473051,0.7491708706887412,0.0
964,0.2852583029766858,0.20343200085054775,1.0
965,0.6866055486679368,-0.4128914932451465,0.0
966,0.41504393862556965,0.021890601799828692,1.0
967,-0.5381027017729859,0.7308211938369334,0.0
968,0.4560276326848289,0.6878229413887604,0.0
969,-0.9486663848751831,0.19960142371976944,0.0
970,0.6610986157437451,-0.4382116039120992,0.0
971,-0.12556681188747396,-0.4575981569097353,1.0
972,-0.4764113615657215,0.5746040031155183,0.0
973,0.34050065733737167,0.8098342912674882,0.0
974,-0.23533271413319398,-0.810251079100658,0.0
975,-0.5648880087628184,-0.1523096962030425,1.0
976,-0.15024317322325867,-0.7954735316172438,0.0
977,0.9289383410363418,0.26896583398960483,0.0
978,0.38428022134946394,0.7328975061897416,0.0
979,-0.25760860038833105,0.5485792661579856,1.0
980,-0.9333197034446316,0.19917997275191465,0.0
981,-0.8244993068723374,-0.384480279982222,0.0
982,-0.8552681834688621,-0.35171024240564885,0.0
983,-0.31505468196547654,-0.08707424455563235,1.0
984,-0.4934173160223405,-0.2176423347834648,1.0
985,-0.7720515611084022,0.4405271724312603,0.0
986,-0.09438554394082845,0.5156538228110776,1.0
987,-0.2697288885526817,-0.030858746539532942,1.0
988,0.5959090532257396,0.5728511261717032,0.0
989,-0.0040929108193166865,-0.8940096221853902,0.0
990,0.7663317420321576,-0.23345978089239114,0.0
991,0.5536371669429261,0.19577850700323335,1.0
992,0.1509255921596892,-0.7327992798841957,0.0
993,0.024010316038181753,0.14471854121434152,1.0
994,-0.3875463207937267,0.6422378881631822,0.0
995,0.9051597486492972,0.1936156092370123,0.0
996,0.27412626783514954,-0.05392610033501335,1.0
997,-0.5725997897484248,-0.2354758529613848,1.0
998,0.3538492406502527,0.19913420705073798,1.0
999,-0.267910003441832,0.5551865692621302,1.0
